{"_id":{"$oid":"5e3ab34dc7203955988ee50e"},"id":"1","sortname":"AF","name":"Afghanistan","phoneCode":"93","__v":0}
{"_id":{"$oid":"5e3ab34dc7203955988ee50f"},"id":"2","sortname":"AL","name":"Albania","phoneCode":"355","__v":0}
{"_id":{"$oid":"5e3ab34dc7203955988ee510"},"id":"3","sortname":"DZ","name":"Algeria","phoneCode":"213","__v":0}
{"_id":{"$oid":"5e3ab34dc7203955988ee512"},"id":"5","sortname":"AD","name":"Andorra","phoneCode":"376","__v":0}
{"_id":{"$oid":"5e3ab34dc7203955988ee511"},"id":"4","sortname":"AS","name":"American Samoa","phoneCode":"1684","__v":0}
{"_id":{"$oid":"5e3ab34dc7203955988ee515"},"id":"8","sortname":"AQ","name":"Antarctica","phoneCode":"0","__v":0}
{"_id":{"$oid":"5e3ab34dc7203955988ee514"},"id":"7","sortname":"AI","name":"Anguilla","phoneCode":"1264","__v":0}
{"_id":{"$oid":"5e3ab34dc7203955988ee513"},"id":"6","sortname":"AO","name":"Angola","phoneCode":"244","__v":0}
{"_id":{"$oid":"5e3ab34dc7203955988ee51a"},"id":"13","sortname":"AU","name":"Australia","phoneCode":"61","__v":0}
{"_id":{"$oid":"5e3ab34dc7203955988ee519"},"id":"12","sortname":"AW","name":"Aruba","phoneCode":"297","__v":0}
{"_id":{"$oid":"5e3ab34dc7203955988ee516"},"id":"9","sortname":"AG","name":"Antigua And Barbuda","phoneCode":"1268","__v":0}
{"_id":{"$oid":"5e3ab34dc7203955988ee51f"},"id":"18","sortname":"BD","name":"Bangladesh","phoneCode":"880","__v":0}
{"_id":{"$oid":"5e3ab34dc7203955988ee51e"},"id":"17","sortname":"BH","name":"Bahrain","phoneCode":"973","__v":0}
{"_id":{"$oid":"5e3ab34dc7203955988ee517"},"id":"10","sortname":"AR","name":"Argentina","phoneCode":"54","__v":0}
{"_id":{"$oid":"5e3ab34dc7203955988ee524"},"id":"23","sortname":"BJ","name":"Benin","phoneCode":"229","__v":0}
{"_id":{"$oid":"5e3ab34dc7203955988ee523"},"id":"22","sortname":"BZ","name":"Belize","phoneCode":"501","__v":0}
{"_id":{"$oid":"5e3ab34dc7203955988ee51b"},"id":"14","sortname":"AT","name":"Austria","phoneCode":"43","__v":0}
{"_id":{"$oid":"5e3ab34dc7203955988ee529"},"id":"28","sortname":"BW","name":"Botswana","phoneCode":"267","__v":0}
{"_id":{"$oid":"5e3ab34dc7203955988ee528"},"id":"27","sortname":"BA","name":"Bosnia and Herzegovina","phoneCode":"387","__v":0}
{"_id":{"$oid":"5e3ab34dc7203955988ee52e"},"id":"33","sortname":"BG","name":"Bulgaria","phoneCode":"359","__v":0}
{"_id":{"$oid":"5e3ab34dc7203955988ee518"},"id":"11","sortname":"AM","name":"Armenia","phoneCode":"374","__v":0}
{"_id":{"$oid":"5e3ab34dc7203955988ee52d"},"id":"32","sortname":"BN","name":"Brunei","phoneCode":"673","__v":0}
{"_id":{"$oid":"5e3ab34dc7203955988ee533"},"id":"38","sortname":"CA","name":"Canada","phoneCode":"1","__v":0}
{"_id":{"$oid":"5e3ab34dc7203955988ee520"},"id":"19","sortname":"BB","name":"Barbados","phoneCode":"1246","__v":0}
{"_id":{"$oid":"5e3ab34dc7203955988ee532"},"id":"37","sortname":"CM","name":"Cameroon","phoneCode":"237","__v":0}
{"_id":{"$oid":"5e3ab34dc7203955988ee538"},"id":"43","sortname":"CL","name":"Chile","phoneCode":"56","__v":0}
{"_id":{"$oid":"5e3ab34dc7203955988ee51c"},"id":"15","sortname":"AZ","name":"Azerbaijan","phoneCode":"994","__v":0}
{"_id":{"$oid":"5e3ab34dc7203955988ee537"},"id":"42","sortname":"TD","name":"Chad","phoneCode":"235","__v":0}
{"_id":{"$oid":"5e3ab34dc7203955988ee53d"},"id":"48","sortname":"KM","name":"Comoros","phoneCode":"269","__v":0}
{"_id":{"$oid":"5e3ab34dc7203955988ee51d"},"id":"16","sortname":"BS","name":"Bahamas The","phoneCode":"1242","__v":0}
{"_id":{"$oid":"5e3ab34dc7203955988ee53c"},"id":"47","sortname":"CO","name":"Colombia","phoneCode":"57","__v":0}
{"_id":{"$oid":"5e3ab34dc7203955988ee542"},"id":"53","sortname":"CI","name":"Cote D''Ivoire (Ivory Coast)","phoneCode":"225","__v":0}
{"_id":{"$oid":"5e3ab34dc7203955988ee525"},"id":"24","sortname":"BM","name":"Bermuda","phoneCode":"1441","__v":0}
{"_id":{"$oid":"5e3ab34dc7203955988ee541"},"id":"52","sortname":"CR","name":"Costa Rica","phoneCode":"506","__v":0}
{"_id":{"$oid":"5e3ab34dc7203955988ee547"},"id":"58","sortname":"DK","name":"Denmark","phoneCode":"45","__v":0}
{"_id":{"$oid":"5e3ab34dc7203955988ee521"},"id":"20","sortname":"BY","name":"Belarus","phoneCode":"375","__v":0}
{"_id":{"$oid":"5e3ab34dc7203955988ee546"},"id":"57","sortname":"CZ","name":"Czech Republic","phoneCode":"420","__v":0}
{"_id":{"$oid":"5e3ab34dc7203955988ee54c"},"id":"63","sortname":"EC","name":"Ecuador","phoneCode":"593","__v":0}
{"_id":{"$oid":"5e3ab34dc7203955988ee522"},"id":"21","sortname":"BE","name":"Belgium","phoneCode":"32","__v":0}
{"_id":{"$oid":"5e3ab34dc7203955988ee54b"},"id":"62","sortname":"TP","name":"East Timor","phoneCode":"670","__v":0}
{"_id":{"$oid":"5e3ab34dc7203955988ee551"},"id":"68","sortname":"EE","name":"Estonia","phoneCode":"372","__v":0}
{"_id":{"$oid":"5e3ab34dc7203955988ee52a"},"id":"29","sortname":"BV","name":"Bouvet Island","phoneCode":"0","__v":0}
{"_id":{"$oid":"5e3ab34dc7203955988ee556"},"id":"73","sortname":"FJ","name":"Fiji Islands","phoneCode":"679","__v":0}
{"_id":{"$oid":"5e3ab34dc7203955988ee550"},"id":"67","sortname":"ER","name":"Eritrea","phoneCode":"291","__v":0}
{"_id":{"$oid":"5e3ab34dc7203955988ee526"},"id":"25","sortname":"BT","name":"Bhutan","phoneCode":"975","__v":0}
{"_id":{"$oid":"5e3ab34dc7203955988ee55b"},"id":"78","sortname":"TF","name":"French Southern Territories","phoneCode":"0","__v":0}
{"_id":{"$oid":"5e3ab34dc7203955988ee555"},"id":"72","sortname":"FO","name":"Faroe Islands","phoneCode":"298","__v":0}
{"_id":{"$oid":"5e3ab34dc7203955988ee560"},"id":"83","sortname":"GH","name":"Ghana","phoneCode":"233","__v":0}
{"_id":{"$oid":"5e3ab34dc7203955988ee527"},"id":"26","sortname":"BO","name":"Bolivia","phoneCode":"591","__v":0}
{"_id":{"$oid":"5e3ab34dc7203955988ee55a"},"id":"77","sortname":"PF","name":"French Polynesia","phoneCode":"689","__v":0}
{"_id":{"$oid":"5e3ab34dc7203955988ee565"},"id":"88","sortname":"GP","name":"Guadeloupe","phoneCode":"590","__v":0}
{"_id":{"$oid":"5e3ab34dc7203955988ee52f"},"id":"34","sortname":"BF","name":"Burkina Faso","phoneCode":"226","__v":0}
{"_id":{"$oid":"5e3ab34dc7203955988ee55f"},"id":"82","sortname":"DE","name":"Germany","phoneCode":"49","__v":0}
{"_id":{"$oid":"5e3ab34dc7203955988ee56a"},"id":"93","sortname":"GW","name":"Guinea-Bissau","phoneCode":"245","__v":0}
{"_id":{"$oid":"5e3ab34dc7203955988ee52b"},"id":"30","sortname":"BR","name":"Brazil","phoneCode":"55","__v":0}
{"_id":{"$oid":"5e3ab34dc7203955988ee56f"},"id":"98","sortname":"HK","name":"Hong Kong S.A.R.","phoneCode":"852","__v":0}
{"_id":{"$oid":"5e3ab34dc7203955988ee564"},"id":"87","sortname":"GD","name":"Grenada","phoneCode":"1473","__v":0}
{"_id":{"$oid":"5e3ab34dc7203955988ee52c"},"id":"31","sortname":"IO","name":"British Indian Ocean Territory","phoneCode":"246","__v":0}
{"_id":{"$oid":"5e3ab34dc7203955988ee574"},"id":"103","sortname":"IR","name":"Iran","phoneCode":"98","__v":0}
{"_id":{"$oid":"5e3ab34dc7203955988ee569"},"id":"92","sortname":"GN","name":"Guinea","phoneCode":"224","__v":0}
{"_id":{"$oid":"5e3ab34dc7203955988ee534"},"id":"39","sortname":"CV","name":"Cape Verde","phoneCode":"238","__v":0}
{"_id":{"$oid":"5e3ab34dc7203955988ee579"},"id":"108","sortname":"JM","name":"Jamaica","phoneCode":"1876","__v":0}
{"_id":{"$oid":"5e3ab34dc7203955988ee56e"},"id":"97","sortname":"HN","name":"Honduras","phoneCode":"504","__v":0}
{"_id":{"$oid":"5e3ab34dc7203955988ee530"},"id":"35","sortname":"BI","name":"Burundi","phoneCode":"257","__v":0}
{"_id":{"$oid":"5e3ab34dc7203955988ee57e"},"id":"113","sortname":"KE","name":"Kenya","phoneCode":"254","__v":0}
{"_id":{"$oid":"5e3ab34dc7203955988ee573"},"id":"102","sortname":"ID","name":"Indonesia","phoneCode":"62","__v":0}
{"_id":{"$oid":"5e3ab34dc7203955988ee583"},"id":"118","sortname":"KG","name":"Kyrgyzstan","phoneCode":"996","__v":0}
{"_id":{"$oid":"5e3ab34dc7203955988ee531"},"id":"36","sortname":"KH","name":"Cambodia","phoneCode":"855","__v":0}
{"_id":{"$oid":"5e3ab34dc7203955988ee578"},"id":"107","sortname":"IT","name":"Italy","phoneCode":"39","__v":0}
{"_id":{"$oid":"5e3ab34dc7203955988ee588"},"id":"123","sortname":"LR","name":"Liberia","phoneCode":"231","__v":0}
{"_id":{"$oid":"5e3ab34dc7203955988ee539"},"id":"44","sortname":"CN","name":"China","phoneCode":"86","__v":0}
{"_id":{"$oid":"5e3ab34dc7203955988ee57d"},"id":"112","sortname":"KZ","name":"Kazakhstan","phoneCode":"7","__v":0}
{"_id":{"$oid":"5e3ab34dc7203955988ee58d"},"id":"128","sortname":"MO","name":"Macau S.A.R.","phoneCode":"853","__v":0}
{"_id":{"$oid":"5e3ab34dc7203955988ee535"},"id":"40","sortname":"KY","name":"Cayman Islands","phoneCode":"1345","__v":0}
{"_id":{"$oid":"5e3ab34dc7203955988ee582"},"id":"117","sortname":"KW","name":"Kuwait","phoneCode":"965","__v":0}
{"_id":{"$oid":"5e3ab34dc7203955988ee592"},"id":"133","sortname":"MV","name":"Maldives","phoneCode":"960","__v":0}
{"_id":{"$oid":"5e3ab34dc7203955988ee536"},"id":"41","sortname":"CF","name":"Central African Republic","phoneCode":"236","__v":0}
{"_id":{"$oid":"5e3ab34dc7203955988ee597"},"id":"138","sortname":"MQ","name":"Martinique","phoneCode":"596","__v":0}
{"_id":{"$oid":"5e3ab34dc7203955988ee587"},"id":"122","sortname":"LS","name":"Lesotho","phoneCode":"266","__v":0}
{"_id":{"$oid":"5e3ab34dc7203955988ee53e"},"id":"49","sortname":"CG","name":"Republic Of The Congo","phoneCode":"242","__v":0}
{"_id":{"$oid":"5e3ab34dc7203955988ee59c"},"id":"143","sortname":"FM","name":"Micronesia","phoneCode":"691","__v":0}
{"_id":{"$oid":"5e3ab34dc7203955988ee58c"},"id":"127","sortname":"LU","name":"Luxembourg","phoneCode":"352","__v":0}
{"_id":{"$oid":"5e3ab34dc7203955988ee53a"},"id":"45","sortname":"CX","name":"Christmas Island","phoneCode":"61","__v":0}
{"_id":{"$oid":"5e3ab34dc7203955988ee5a1"},"id":"148","sortname":"MA","name":"Morocco","phoneCode":"212","__v":0}
{"_id":{"$oid":"5e3ab34dc7203955988ee591"},"id":"132","sortname":"MY","name":"Malaysia","phoneCode":"60","__v":0}
{"_id":{"$oid":"5e3ab34dc7203955988ee5a6"},"id":"153","sortname":"NP","name":"Nepal","phoneCode":"977","__v":0}
{"_id":{"$oid":"5e3ab34dc7203955988ee53b"},"id":"46","sortname":"CC","name":"Cocos (Keeling) Islands","phoneCode":"672","__v":0}
{"_id":{"$oid":"5e3ab34dc7203955988ee596"},"id":"137","sortname":"MH","name":"Marshall Islands","phoneCode":"692","__v":0}
{"_id":{"$oid":"5e3ab34dc7203955988ee5ab"},"id":"158","sortname":"NI","name":"Nicaragua","phoneCode":"505","__v":0}
{"_id":{"$oid":"5e3ab34dc7203955988ee543"},"id":"54","sortname":"HR","name":"Croatia (Hrvatska)","phoneCode":"385","__v":0}
{"_id":{"$oid":"5e3ab34dc7203955988ee59b"},"id":"142","sortname":"MX","name":"Mexico","phoneCode":"52","__v":0}
{"_id":{"$oid":"5e3ab34dc7203955988ee5b0"},"id":"163","sortname":"MP","name":"Northern Mariana Islands","phoneCode":"1670","__v":0}
{"_id":{"$oid":"5e3ab34dc7203955988ee53f"},"id":"50","sortname":"CD","name":"Democratic Republic Of The Congo","phoneCode":"242","__v":0}
{"_id":{"$oid":"5e3ab34dc7203955988ee5a0"},"id":"147","sortname":"MS","name":"Montserrat","phoneCode":"1664","__v":0}
{"_id":{"$oid":"5e3ab34dc7203955988ee5b5"},"id":"168","sortname":"PS","name":"Palestinian Territory Occupied","phoneCode":"970","__v":0}
{"_id":{"$oid":"5e3ab34dc7203955988ee540"},"id":"51","sortname":"CK","name":"Cook Islands","phoneCode":"682","__v":0}
{"_id":{"$oid":"5e3ab34dc7203955988ee5a5"},"id":"152","sortname":"NR","name":"Nauru","phoneCode":"674","__v":0}
{"_id":{"$oid":"5e3ab34dc7203955988ee5ba"},"id":"173","sortname":"PH","name":"Philippines","phoneCode":"63","__v":0}
{"_id":{"$oid":"5e3ab34dc7203955988ee548"},"id":"59","sortname":"DJ","name":"Djibouti","phoneCode":"253","__v":0}
{"_id":{"$oid":"5e3ab34dc7203955988ee5aa"},"id":"157","sortname":"NZ","name":"New Zealand","phoneCode":"64","__v":0}
{"_id":{"$oid":"5e3ab34dc7203955988ee5bf"},"id":"178","sortname":"QA","name":"Qatar","phoneCode":"974","__v":0}
{"_id":{"$oid":"5e3ab34dc7203955988ee5af"},"id":"162","sortname":"NF","name":"Norfolk Island","phoneCode":"672","__v":0}
{"_id":{"$oid":"5e3ab34dc7203955988ee544"},"id":"55","sortname":"CU","name":"Cuba","phoneCode":"53","__v":0}
{"_id":{"$oid":"5e3ab34dc7203955988ee5c4"},"id":"183","sortname":"SH","name":"Saint Helena","phoneCode":"290","__v":0}
{"_id":{"$oid":"5e3ab34dc7203955988ee5b4"},"id":"167","sortname":"PW","name":"Palau","phoneCode":"680","__v":0}
{"_id":{"$oid":"5e3ab34dc7203955988ee545"},"id":"56","sortname":"CY","name":"Cyprus","phoneCode":"357","__v":0}
{"_id":{"$oid":"5e3ab34dc7203955988ee5c9"},"id":"188","sortname":"WS","name":"Samoa","phoneCode":"684","__v":0}
{"_id":{"$oid":"5e3ab34dc7203955988ee5b9"},"id":"172","sortname":"PE","name":"Peru","phoneCode":"51","__v":0}
{"_id":{"$oid":"5e3ab34dc7203955988ee54d"},"id":"64","sortname":"EG","name":"Egypt","phoneCode":"20","__v":0}
{"_id":{"$oid":"5e3ab34dc7203955988ee5ce"},"id":"193","sortname":"RS","name":"Serbia","phoneCode":"381","__v":0}
{"_id":{"$oid":"5e3ab34dc7203955988ee5be"},"id":"177","sortname":"PR","name":"Puerto Rico","phoneCode":"1787","__v":0}
{"_id":{"$oid":"5e3ab34dc7203955988ee549"},"id":"60","sortname":"DM","name":"Dominica","phoneCode":"1767","__v":0}
{"_id":{"$oid":"5e3ab34dc7203955988ee5d3"},"id":"198","sortname":"SI","name":"Slovenia","phoneCode":"386","__v":0}
{"_id":{"$oid":"5e3ab34dc7203955988ee5c3"},"id":"182","sortname":"RW","name":"Rwanda","phoneCode":"250","__v":0}
{"_id":{"$oid":"5e3ab34dc7203955988ee54a"},"id":"61","sortname":"DO","name":"Dominican Republic","phoneCode":"1809","__v":0}
{"_id":{"$oid":"5e3ab34dc7203955988ee5d8"},"id":"203","sortname":"GS","name":"South Georgia","phoneCode":"0","__v":0}
{"_id":{"$oid":"5e3ab34dc7203955988ee5c8"},"id":"187","sortname":"VC","name":"Saint Vincent And The Grenadines","phoneCode":"1784","__v":0}
{"_id":{"$oid":"5e3ab34dc7203955988ee552"},"id":"69","sortname":"ET","name":"Ethiopia","phoneCode":"251","__v":0}
{"_id":{"$oid":"5e3ab34dc7203955988ee5dd"},"id":"208","sortname":"SR","name":"Suriname","phoneCode":"597","__v":0}
{"_id":{"$oid":"5e3ab34dc7203955988ee5cd"},"id":"192","sortname":"SN","name":"Senegal","phoneCode":"221","__v":0}
{"_id":{"$oid":"5e3ab34dc7203955988ee54e"},"id":"65","sortname":"SV","name":"El Salvador","phoneCode":"503","__v":0}
{"_id":{"$oid":"5e3ab34dc7203955988ee5e2"},"id":"213","sortname":"SY","name":"Syria","phoneCode":"963","__v":0}
{"_id":{"$oid":"5e3ab34dc7203955988ee5d2"},"id":"197","sortname":"SK","name":"Slovakia","phoneCode":"421","__v":0}
{"_id":{"$oid":"5e3ab34dc7203955988ee54f"},"id":"66","sortname":"GQ","name":"Equatorial Guinea","phoneCode":"240","__v":0}
{"_id":{"$oid":"5e3ab34dc7203955988ee5e7"},"id":"218","sortname":"TG","name":"Togo","phoneCode":"228","__v":0}
{"_id":{"$oid":"5e3ab34dc7203955988ee5d7"},"id":"202","sortname":"ZA","name":"South Africa","phoneCode":"27","__v":0}
{"_id":{"$oid":"5e3ab34dc7203955988ee557"},"id":"74","sortname":"FI","name":"Finland","phoneCode":"358","__v":0}
{"_id":{"$oid":"5e3ab34dc7203955988ee5dc"},"id":"207","sortname":"SD","name":"Sudan","phoneCode":"249","__v":0}
{"_id":{"$oid":"5e3ab34dc7203955988ee5ec"},"id":"223","sortname":"TR","name":"Turkey","phoneCode":"90","__v":0}
{"_id":{"$oid":"5e3ab34dc7203955988ee553"},"id":"70","sortname":"XA","name":"External Territories of Australia","phoneCode":"61","__v":0}
{"_id":{"$oid":"5e3ab34dc7203955988ee5e1"},"id":"212","sortname":"CH","name":"Switzerland","phoneCode":"41","__v":0}
{"_id":{"$oid":"5e3ab34dc7203955988ee5f1"},"id":"228","sortname":"UA","name":"Ukraine","phoneCode":"380","__v":0}
{"_id":{"$oid":"5e3ab34dc7203955988ee554"},"id":"71","sortname":"FK","name":"Falkland Islands","phoneCode":"500","__v":0}
{"_id":{"$oid":"5e3ab34dc7203955988ee5e6"},"id":"217","sortname":"TH","name":"Thailand","phoneCode":"66","__v":0}
{"_id":{"$oid":"5e3ab34dc7203955988ee5f6"},"id":"233","sortname":"UY","name":"Uruguay","phoneCode":"598","__v":0}
{"_id":{"$oid":"5e3ab34dc7203955988ee55c"},"id":"79","sortname":"GA","name":"Gabon","phoneCode":"241","__v":0}
{"_id":{"$oid":"5e3ab34dc7203955988ee5eb"},"id":"222","sortname":"TN","name":"Tunisia","phoneCode":"216","__v":0}
{"_id":{"$oid":"5e3ab34dc7203955988ee5fb"},"id":"238","sortname":"VN","name":"Vietnam","phoneCode":"84","__v":0}
{"_id":{"$oid":"5e3ab34dc7203955988ee558"},"id":"75","sortname":"FR","name":"France","phoneCode":"33","__v":0}
{"_id":{"$oid":"5e3ab34dc7203955988ee5f0"},"id":"227","sortname":"UG","name":"Uganda","phoneCode":"256","__v":0}
{"_id":{"$oid":"5e3ab34dc7203955988ee600"},"id":"243","sortname":"YE","name":"Yemen","phoneCode":"967","__v":0}
{"_id":{"$oid":"5e3ab34dc7203955988ee559"},"id":"76","sortname":"GF","name":"French Guiana","phoneCode":"594","__v":0}
{"_id":{"$oid":"5e3ab34dc7203955988ee5f5"},"id":"232","sortname":"UM","name":"United States Minor Outlying Islands","phoneCode":"1","__v":0}
{"_id":{"$oid":"5e3ab34dc7203955988ee561"},"id":"84","sortname":"GI","name":"Gibraltar","phoneCode":"350","__v":0}
{"_id":{"$oid":"5e3ab34dc7203955988ee5fa"},"id":"237","sortname":"VE","name":"Venezuela","phoneCode":"58","__v":0}
{"_id":{"$oid":"5e3ab34dc7203955988ee55d"},"id":"80","sortname":"GM","name":"Gambia The","phoneCode":"220","__v":0}
{"_id":{"$oid":"5e3ab34dc7203955988ee5ff"},"id":"242","sortname":"EH","name":"Western Sahara","phoneCode":"212","__v":0}
{"_id":{"$oid":"5e3ab34dc7203955988ee55e"},"id":"81","sortname":"GE","name":"Georgia","phoneCode":"995","__v":0}
{"_id":{"$oid":"5e3ab34dc7203955988ee566"},"id":"89","sortname":"GU","name":"Guam","phoneCode":"1671","__v":0}
{"_id":{"$oid":"5e3ab34dc7203955988ee562"},"id":"85","sortname":"GR","name":"Greece","phoneCode":"30","__v":0}
{"_id":{"$oid":"5e3ab34dc7203955988ee563"},"id":"86","sortname":"GL","name":"Greenland","phoneCode":"299","__v":0}
{"_id":{"$oid":"5e3ab34dc7203955988ee56b"},"id":"94","sortname":"GY","name":"Guyana","phoneCode":"592","__v":0}
{"_id":{"$oid":"5e3ab34dc7203955988ee567"},"id":"90","sortname":"GT","name":"Guatemala","phoneCode":"502","__v":0}
{"_id":{"$oid":"5e3ab34dc7203955988ee568"},"id":"91","sortname":"XU","name":"Guernsey and Alderney","phoneCode":"44","__v":0}
{"_id":{"$oid":"5e3ab34dc7203955988ee570"},"id":"99","sortname":"HU","name":"Hungary","phoneCode":"36","__v":0}
{"_id":{"$oid":"5e3ab34dc7203955988ee56c"},"id":"95","sortname":"HT","name":"Haiti","phoneCode":"509","__v":0}
{"_id":{"$oid":"5e3ab34dc7203955988ee56d"},"id":"96","sortname":"HM","name":"Heard and McDonald Islands","phoneCode":"0","__v":0}
{"_id":{"$oid":"5e3ab34dc7203955988ee575"},"id":"104","sortname":"IQ","name":"Iraq","phoneCode":"964","__v":0}
{"_id":{"$oid":"5e3ab34dc7203955988ee571"},"id":"100","sortname":"IS","name":"Iceland","phoneCode":"354","__v":0}
{"_id":{"$oid":"5e3ab34dc7203955988ee572"},"id":"101","sortname":"IN","name":"India","phoneCode":"91","__v":0}
{"_id":{"$oid":"5e3ab34dc7203955988ee57a"},"id":"109","sortname":"JP","name":"Japan","phoneCode":"81","__v":0}
{"_id":{"$oid":"5e3ab34dc7203955988ee576"},"id":"105","sortname":"IE","name":"Ireland","phoneCode":"353","__v":0}
{"_id":{"$oid":"5e3ab34dc7203955988ee577"},"id":"106","sortname":"IL","name":"Israel","phoneCode":"972","__v":0}
{"_id":{"$oid":"5e3ab34dc7203955988ee57f"},"id":"114","sortname":"KI","name":"Kiribati","phoneCode":"686","__v":0}
{"_id":{"$oid":"5e3ab34dc7203955988ee57b"},"id":"110","sortname":"XJ","name":"Jersey","phoneCode":"44","__v":0}
{"_id":{"$oid":"5e3ab34dc7203955988ee57c"},"id":"111","sortname":"JO","name":"Jordan","phoneCode":"962","__v":0}
{"_id":{"$oid":"5e3ab34dc7203955988ee584"},"id":"119","sortname":"LA","name":"Laos","phoneCode":"856","__v":0}
{"_id":{"$oid":"5e3ab34dc7203955988ee580"},"id":"115","sortname":"KP","name":"Korea North","phoneCode":"850","__v":0}
{"_id":{"$oid":"5e3ab34dc7203955988ee581"},"id":"116","sortname":"KR","name":"Korea South","phoneCode":"82","__v":0}
{"_id":{"$oid":"5e3ab34dc7203955988ee589"},"id":"124","sortname":"LY","name":"Libya","phoneCode":"218","__v":0}
{"_id":{"$oid":"5e3ab34dc7203955988ee585"},"id":"120","sortname":"LV","name":"Latvia","phoneCode":"371","__v":0}
{"_id":{"$oid":"5e3ab34dc7203955988ee58e"},"id":"129","sortname":"MK","name":"Macedonia","phoneCode":"389","__v":0}
{"_id":{"$oid":"5e3ab34dc7203955988ee586"},"id":"121","sortname":"LB","name":"Lebanon","phoneCode":"961","__v":0}
{"_id":{"$oid":"5e3ab34dc7203955988ee58a"},"id":"125","sortname":"LI","name":"Liechtenstein","phoneCode":"423","__v":0}
{"_id":{"$oid":"5e3ab34dc7203955988ee593"},"id":"134","sortname":"ML","name":"Mali","phoneCode":"223","__v":0}
{"_id":{"$oid":"5e3ab34dc7203955988ee58b"},"id":"126","sortname":"LT","name":"Lithuania","phoneCode":"370","__v":0}
{"_id":{"$oid":"5e3ab34dc7203955988ee58f"},"id":"130","sortname":"MG","name":"Madagascar","phoneCode":"261","__v":0}
{"_id":{"$oid":"5e3ab34dc7203955988ee598"},"id":"139","sortname":"MR","name":"Mauritania","phoneCode":"222","__v":0}
{"_id":{"$oid":"5e3ab34dc7203955988ee590"},"id":"131","sortname":"MW","name":"Malawi","phoneCode":"265","__v":0}
{"_id":{"$oid":"5e3ab34dc7203955988ee594"},"id":"135","sortname":"MT","name":"Malta","phoneCode":"356","__v":0}
{"_id":{"$oid":"5e3ab34dc7203955988ee59d"},"id":"144","sortname":"MD","name":"Moldova","phoneCode":"373","__v":0}
{"_id":{"$oid":"5e3ab34dc7203955988ee595"},"id":"136","sortname":"XM","name":"Man (Isle of)","phoneCode":"44","__v":0}
{"_id":{"$oid":"5e3ab34dc7203955988ee599"},"id":"140","sortname":"MU","name":"Mauritius","phoneCode":"230","__v":0}
{"_id":{"$oid":"5e3ab34dc7203955988ee5a2"},"id":"149","sortname":"MZ","name":"Mozambique","phoneCode":"258","__v":0}
{"_id":{"$oid":"5e3ab34dc7203955988ee59a"},"id":"141","sortname":"YT","name":"Mayotte","phoneCode":"269","__v":0}
{"_id":{"$oid":"5e3ab34dc7203955988ee59e"},"id":"145","sortname":"MC","name":"Monaco","phoneCode":"377","__v":0}
{"_id":{"$oid":"5e3ab34dc7203955988ee5a7"},"id":"154","sortname":"AN","name":"Netherlands Antilles","phoneCode":"599","__v":0}
{"_id":{"$oid":"5e3ab34dc7203955988ee59f"},"id":"146","sortname":"MN","name":"Mongolia","phoneCode":"976","__v":0}
{"_id":{"$oid":"5e3ab34dc7203955988ee5a3"},"id":"150","sortname":"MM","name":"Myanmar","phoneCode":"95","__v":0}
{"_id":{"$oid":"5e3ab34dc7203955988ee5ac"},"id":"159","sortname":"NE","name":"Niger","phoneCode":"227","__v":0}
{"_id":{"$oid":"5e3ab34dc7203955988ee5a4"},"id":"151","sortname":"NA","name":"Namibia","phoneCode":"264","__v":0}
{"_id":{"$oid":"5e3ab34dc7203955988ee5a8"},"id":"155","sortname":"NL","name":"Netherlands The","phoneCode":"31","__v":0}
{"_id":{"$oid":"5e3ab34dc7203955988ee5b1"},"id":"164","sortname":"NO","name":"Norway","phoneCode":"47","__v":0}
{"_id":{"$oid":"5e3ab34dc7203955988ee5a9"},"id":"156","sortname":"NC","name":"New Caledonia","phoneCode":"687","__v":0}
{"_id":{"$oid":"5e3ab34dc7203955988ee5ad"},"id":"160","sortname":"NG","name":"Nigeria","phoneCode":"234","__v":0}
{"_id":{"$oid":"5e3ab34dc7203955988ee5b6"},"id":"169","sortname":"PA","name":"Panama","phoneCode":"507","__v":0}
{"_id":{"$oid":"5e3ab34dc7203955988ee5ae"},"id":"161","sortname":"NU","name":"Niue","phoneCode":"683","__v":0}
{"_id":{"$oid":"5e3ab34dc7203955988ee5b2"},"id":"165","sortname":"OM","name":"Oman","phoneCode":"968","__v":0}
{"_id":{"$oid":"5e3ab34dc7203955988ee5bb"},"id":"174","sortname":"PN","name":"Pitcairn Island","phoneCode":"0","__v":0}
{"_id":{"$oid":"5e3ab34dc7203955988ee5b7"},"id":"170","sortname":"PG","name":"Papua new Guinea","phoneCode":"675","__v":0}
{"_id":{"$oid":"5e3ab34dc7203955988ee5b3"},"id":"166","sortname":"PK","name":"Pakistan","phoneCode":"92","__v":0}
{"_id":{"$oid":"5e3ab34dc7203955988ee5c0"},"id":"179","sortname":"RE","name":"Reunion","phoneCode":"262","__v":0}
{"_id":{"$oid":"5e3ab34dc7203955988ee5bc"},"id":"175","sortname":"PL","name":"Poland","phoneCode":"48","__v":0}
{"_id":{"$oid":"5e3ab34dc7203955988ee5c5"},"id":"184","sortname":"KN","name":"Saint Kitts And Nevis","phoneCode":"1869","__v":0}
{"_id":{"$oid":"5e3ab34dc7203955988ee5b8"},"id":"171","sortname":"PY","name":"Paraguay","phoneCode":"595","__v":0}
{"_id":{"$oid":"5e3ab34dc7203955988ee5c1"},"id":"180","sortname":"RO","name":"Romania","phoneCode":"40","__v":0}
{"_id":{"$oid":"5e3ab34dc7203955988ee5ca"},"id":"189","sortname":"SM","name":"San Marino","phoneCode":"378","__v":0}
{"_id":{"$oid":"5e3ab34dc7203955988ee5bd"},"id":"176","sortname":"PT","name":"Portugal","phoneCode":"351","__v":0}
{"_id":{"$oid":"5e3ab34dc7203955988ee5c6"},"id":"185","sortname":"LC","name":"Saint Lucia","phoneCode":"1758","__v":0}
{"_id":{"$oid":"5e3ab34dc7203955988ee5cf"},"id":"194","sortname":"SC","name":"Seychelles","phoneCode":"248","__v":0}
{"_id":{"$oid":"5e3ab34dc7203955988ee5c2"},"id":"181","sortname":"RU","name":"Russia","phoneCode":"70","__v":0}
{"_id":{"$oid":"5e3ab34dc7203955988ee5cb"},"id":"190","sortname":"ST","name":"Sao Tome and Principe","phoneCode":"239","__v":0}
{"_id":{"$oid":"5e3ab34dc7203955988ee5d4"},"id":"199","sortname":"XG","name":"Smaller Territories of the UK","phoneCode":"44","__v":0}
{"_id":{"$oid":"5e3ab34dc7203955988ee5c7"},"id":"186","sortname":"PM","name":"Saint Pierre and Miquelon","phoneCode":"508","__v":0}
{"_id":{"$oid":"5e3ab34dc7203955988ee5d0"},"id":"195","sortname":"SL","name":"Sierra Leone","phoneCode":"232","__v":0}
{"_id":{"$oid":"5e3ab34dc7203955988ee5d9"},"id":"204","sortname":"SS","name":"South Sudan","phoneCode":"211","__v":0}
{"_id":{"$oid":"5e3ab34dc7203955988ee5cc"},"id":"191","sortname":"SA","name":"Saudi Arabia","phoneCode":"966","__v":0}
{"_id":{"$oid":"5e3ab34dc7203955988ee5d5"},"id":"200","sortname":"SB","name":"Solomon Islands","phoneCode":"677","__v":0}
{"_id":{"$oid":"5e3ab34dc7203955988ee5de"},"id":"209","sortname":"SJ","name":"Svalbard And Jan Mayen Islands","phoneCode":"47","__v":0}
{"_id":{"$oid":"5e3ab34dc7203955988ee5d1"},"id":"196","sortname":"SG","name":"Singapore","phoneCode":"65","__v":0}
{"_id":{"$oid":"5e3ab34dc7203955988ee5da"},"id":"205","sortname":"ES","name":"Spain","phoneCode":"34","__v":0}
{"_id":{"$oid":"5e3ab34dc7203955988ee5e3"},"id":"214","sortname":"TW","name":"Taiwan","phoneCode":"886","__v":0}
{"_id":{"$oid":"5e3ab34dc7203955988ee5d6"},"id":"201","sortname":"SO","name":"Somalia","phoneCode":"252","__v":0}
{"_id":{"$oid":"5e3ab34dc7203955988ee5df"},"id":"210","sortname":"SZ","name":"Swaziland","phoneCode":"268","__v":0}
{"_id":{"$oid":"5e3ab34dc7203955988ee5db"},"id":"206","sortname":"LK","name":"Sri Lanka","phoneCode":"94","__v":0}
{"_id":{"$oid":"5e3ab34dc7203955988ee5e8"},"id":"219","sortname":"TK","name":"Tokelau","phoneCode":"690","__v":0}
{"_id":{"$oid":"5e3ab34dc7203955988ee5e4"},"id":"215","sortname":"TJ","name":"Tajikistan","phoneCode":"992","__v":0}
{"_id":{"$oid":"5e3ab34dc7203955988ee5e0"},"id":"211","sortname":"SE","name":"Sweden","phoneCode":"46","__v":0}
{"_id":{"$oid":"5e3ab34dc7203955988ee5ed"},"id":"224","sortname":"TM","name":"Turkmenistan","phoneCode":"7370","__v":0}
{"_id":{"$oid":"5e3ab34dc7203955988ee5e9"},"id":"220","sortname":"TO","name":"Tonga","phoneCode":"676","__v":0}
{"_id":{"$oid":"5e3ab34dc7203955988ee5e5"},"id":"216","sortname":"TZ","name":"Tanzania","phoneCode":"255","__v":0}
{"_id":{"$oid":"5e3ab34dc7203955988ee5f2"},"id":"229","sortname":"AE","name":"United Arab Emirates","phoneCode":"971","__v":0}
{"_id":{"$oid":"5e3ab34dc7203955988ee5ee"},"id":"225","sortname":"TC","name":"Turks And Caicos Islands","phoneCode":"1649","__v":0}
{"_id":{"$oid":"5e3ab34dc7203955988ee5ea"},"id":"221","sortname":"TT","name":"Trinidad And Tobago","phoneCode":"1868","__v":0}
{"_id":{"$oid":"5e3ab34dc7203955988ee5f7"},"id":"234","sortname":"UZ","name":"Uzbekistan","phoneCode":"998","__v":0}
{"_id":{"$oid":"5e3ab34dc7203955988ee5f3"},"id":"230","sortname":"GB","name":"United Kingdom","phoneCode":"44","__v":0}
{"_id":{"$oid":"5e3ab34dc7203955988ee5ef"},"id":"226","sortname":"TV","name":"Tuvalu","phoneCode":"688","__v":0}
{"_id":{"$oid":"5e3ab34dc7203955988ee5fc"},"id":"239","sortname":"VG","name":"Virgin Islands (British)","phoneCode":"1284","__v":0}
{"_id":{"$oid":"5e3ab34dc7203955988ee5f8"},"id":"235","sortname":"VU","name":"Vanuatu","phoneCode":"678","__v":0}
{"_id":{"$oid":"5e3ab34dc7203955988ee5f4"},"id":"231","sortname":"US","name":"United States","phoneCode":"1","__v":0}
{"_id":{"$oid":"5e3ab34dc7203955988ee601"},"id":"244","sortname":"YU","name":"Yugoslavia","phoneCode":"38","__v":0}
{"_id":{"$oid":"5e3ab34dc7203955988ee5fd"},"id":"240","sortname":"VI","name":"Virgin Islands (US)","phoneCode":"1340","__v":0}
{"_id":{"$oid":"5e3ab34dc7203955988ee5f9"},"id":"236","sortname":"VA","name":"Vatican City State (Holy See)","phoneCode":"39","__v":0}
{"_id":{"$oid":"5e3ab34dc7203955988ee602"},"id":"245","sortname":"ZM","name":"Zambia","phoneCode":"260","__v":0}
{"_id":{"$oid":"5e3ab34dc7203955988ee5fe"},"id":"241","sortname":"WF","name":"Wallis And Futuna Islands","phoneCode":"681","__v":0}
{"_id":{"$oid":"5e3ab34dc7203955988ee603"},"id":"246","sortname":"ZW","name":"Zimbabwe","phoneCode":"26","__v":0}
